<Positions xmlns:xsi="http://www.w3.org/2001/XMLSchema-instance" xsi:noNamespaceSchemaLocation="NEH_Positions.xsd">
	<Position ID="116">
		<ApplicationNumber>CH-50424-07</ApplicationNumber>
		<Abstract>Mars Hill College hired Dr. Karen Paar as Director of the Liston B. Ramsey Center for Regional Studies and Archivist for the Southern Appalachian Archives.  Dr. Paar has done an outstanding job in the position and has led the Ramsey Center and the Southern Appalachian Archives into a new era of professionalism and increased visibility.</Abstract>
		<Name>Ramsey Center for Regional Studies Director and Archivist for the Southern Appalachian Archives</Name>
		<PrimaryURL>http://www.mhc.edu/ramsey-center</PrimaryURL>
		<PrimaryURLDescription>This is the website for the Ramsey Center.  It offers a brief introduction to the Center's work, all of which Dr. Paar has spearheaded.  </PrimaryURLDescription>
		<SecondaryURL>http://www.mhc.edu/ramsey-center/southern-appalachian-archives</SecondaryURL>
		<SecondaryURLDescription>This is the website for the Southern Appalachian Archives, which houses archival treasures of national importance, and which Dr. Paar stewards.  </SecondaryURLDescription>
		<Year>2007</Year>
	</Position>
	<Position ID="180">
		<ApplicationNumber>RA-50033-05</ApplicationNumber>
		<Abstract>John &amp;amp; Anne Fischer Professorship in Fine Arts, Hamilton College</Abstract>
		<Name>John C. McEnroe</Name>
		<PrimaryURL/>
		<PrimaryURLDescription/>
		<SecondaryURL/>
		<SecondaryURLDescription/>
		<Year>2005</Year>
	</Position>
	<Position ID="181">
		<ApplicationNumber>RA-50033-05</ApplicationNumber>
		<Abstract>Stipendiary Faculty Fellow, The Melbern G. Glasscock Center for Humanities Research, Texas A&amp;amp;M University. Awarded in Architecture for "Architectural Development of the Athenian Acropolis in the Archaic and Early Classical Period."</Abstract>
		<Name>Nancy Klein</Name>
		<PrimaryURL/>
		<PrimaryURLDescription/>
		<SecondaryURL/>
		<SecondaryURLDescription/>
		<Year>2006</Year>
	</Position>
	<Position ID="207">
		<ApplicationNumber>GE-50227-10</ApplicationNumber>
		<Abstract>Ms. Arrowood served as a research assistant during the planning grant and helped to write draft narrative scripts that we serve as a starting point for developing final audio scripts during the implementation grant period.</Abstract>
		<Name>Chelsie Arrowood</Name>
		<PrimaryURL/>
		<PrimaryURLDescription/>
		<SecondaryURL/>
		<SecondaryURLDescription/>
		<Year>2011</Year>
	</Position>
	<Position ID="212">
		<ApplicationNumber>RA-50033-05</ApplicationNumber>
		<Abstract>Associate Professor, Harvard University, Spring 2008</Abstract>
		<Name>Betsey A. Robinson</Name>
		<PrimaryURL/>
		<PrimaryURLDescription/>
		<SecondaryURL/>
		<SecondaryURLDescription/>
		<Year>2008</Year>
	</Position>
	<Position ID="213">
		<ApplicationNumber>RA-50033-05</ApplicationNumber>
		<Abstract>Associate Professor, Department of History of Art, Vanderbilt University, August 2008</Abstract>
		<Name>Betsey A. Robinson</Name>
		<PrimaryURL/>
		<PrimaryURLDescription/>
		<SecondaryURL/>
		<SecondaryURLDescription/>
		<Year>2008</Year>
	</Position>
	<Position ID="544">
		<ApplicationNumber>CZ-50173-08</ApplicationNumber>
		<Abstract>Kathleen Tipler was appointed as the Postdoctoral Fellow for the Center for the Study of American Democracy at Kenyon College, beginning Fall 2011.  She is interested in contemporary and canonical political theory particularly democratic theory, judgment, and political agency as well as American politics and public law. In her dissertation, she considers how democracies might foster citizen judgment, examining the U.S. institutions of direct legislation and the judiciary, and interbranch relations.</Abstract>
		<Name>Postdoctoral Fellow in the Center for the Study of American Democracy </Name>
		<PrimaryURL>http://www.kenyon.edu/x58384.xml</PrimaryURL>
		<PrimaryURLDescription>Ms. Tipler's bio and link page on the Kenyon College site.</PrimaryURLDescription>
		<SecondaryURL/>
		<SecondaryURLDescription/>
		<Year>2011</Year>
	</Position>
	<Position ID="565">
		<ApplicationNumber>CH-50528-08</ApplicationNumber>
		<Abstract>ARIT Ankara hired a full-time librarian responsible for maintaining the collection and accessioning the new Mellink donation.  In addition library staffing has enabled participation in projects in collaboration with the Digital Library for International Research (DLIR).</Abstract>
		<Name>ARIT Ankara Librarian</Name>
		<PrimaryURL/>
		<PrimaryURLDescription/>
		<SecondaryURL/>
		<SecondaryURLDescription/>
		<Year>2007</Year>
	</Position>
	<Position ID="567">
		<ApplicationNumber>CH-50528-08</ApplicationNumber>
		<Abstract>ARIT Istanbul library has hired a professional level librarian to manage the collections in Ottoman and Byzantine studies.  The librarian also coordinates the scanning projects related to the collection of the American Board of Missions library.</Abstract>
		<Name>ARIT Istanbul librarian</Name>
		<PrimaryURL/>
		<PrimaryURLDescription/>
		<SecondaryURL/>
		<SecondaryURLDescription/>
		<Year>2010</Year>
	</Position>
	<Position ID="928">
		<ApplicationNumber>HD-50776-09</ApplicationNumber>
		<Abstract>Gave a presentation to the Scholar's lab and met with UVA faculty in digital humanities to discuss the development of Gibagadinamaagoom: An Ojibwe Digital Archive.  Was in residence for four days.</Abstract>
		<Name>Visiting Fellowship to UVA Scholar's Lab</Name>
		<PrimaryURL>http://www.gibagadinamaagoom.info</PrimaryURL>
		<PrimaryURLDescription>Gibagadinamaagoom: An Ojibwe Digital Archive is a website edited by Timothy B. Powell that contains materials related to Ojibwe culture from Penn Museum, Minnesota Historical Society, American Philosophical Society, National Archives, videos of Ojibwe wisdom keepers, etc.  The site has been developed with the assistance of 2 NEH HITCU grants awarded to White Earth Tribal and Community College and Leech Lake Tribal College.</PrimaryURLDescription>
		<SecondaryURL/>
		<SecondaryURLDescription/>
		<Year>2011</Year>
	</Position>
	<Position ID="1372">
		<ApplicationNumber>FS-50092-06</ApplicationNumber>
		<Abstract>Rare book librarian, University of Michigan, Ann Arbor, MI</Abstract>
		<Name>Alvarez, Pablo</Name>
		<PrimaryURL/>
		<PrimaryURLDescription/>
		<SecondaryURL/>
		<SecondaryURLDescription/>
		<Year>2009</Year>
	</Position>
	<Position ID="1373">
		<ApplicationNumber>FS-50092-06</ApplicationNumber>
		<Abstract>Alvarez, Pablo. NINES (Network Interface for Nineteenth-Century Electronic Scholarship) Miami University of Ohio, Oxford, OH</Abstract>
		<Name>Alvarez, Pablo.</Name>
		<PrimaryURL/>
		<PrimaryURLDescription/>
		<SecondaryURL/>
		<SecondaryURLDescription/>
		<Year>2008</Year>
	</Position>
	<Position ID="1374">
		<ApplicationNumber>FS-50092-06</ApplicationNumber>
		<Abstract>The Humanities Project, University of Rochester: $10,000 grant for the funding of conference and exhibit, "Restoring Dryden: Music, Translation, Print."</Abstract>
		<Name>Alvarez, Pablo. </Name>
		<PrimaryURL>http://www.rochester.edu/College/humanities/projects/archive08-09.php</PrimaryURL>
		<PrimaryURLDescription/>
		<SecondaryURL/>
		<SecondaryURLDescription/>
		<Year>2008</Year>
	</Position>
	<Position ID="1375">
		<ApplicationNumber>FS-50092-06</ApplicationNumber>
		<Abstract>Eleanor M. Garvey Fellowship in Printing and Graphic Arts, Houghton Library, Harvard University. Research Topic: The Teaching of Hell in Sixteenth-Century Venice: The Evidence from Book Illustration and Mnemonic Treatises.</Abstract>
		<Name>Alvarez, Pablo.</Name>
		<PrimaryURL/>
		<PrimaryURLDescription/>
		<SecondaryURL/>
		<SecondaryURLDescription/>
		<Year>2009</Year>
	</Position>
	<Position ID="1376">
		<ApplicationNumber>FS-50092-06</ApplicationNumber>
		<Abstract>American Printing History Association Fellowship in Printing History (along with Keli E. Rylance, Head of the Southeastern Architectural Archives and the School of Architecture Library, Tulane University). Project: Translation and Critical Edition of Alonso Víctor de Paredes' Institución y origen del arte de la imprenta, y reglas generales para los componedores [Madrid: Alonso Víctor de Paredes, 1680].</Abstract>
		<Name>Alvarez, Pablo. </Name>
		<PrimaryURL/>
		<PrimaryURLDescription/>
		<SecondaryURL/>
		<SecondaryURLDescription/>
		<Year>2010</Year>
	</Position>
	<Position ID="1385">
		<ApplicationNumber>FS-50092-06</ApplicationNumber>
		<Abstract>The Mark Samuels Lasner Fellowship in Printing History,  The American Printing History Association</Abstract>
		<Name>Rylance, Keli. (with Pablo Alvarez), </Name>
		<PrimaryURL/>
		<PrimaryURLDescription/>
		<SecondaryURL/>
		<SecondaryURLDescription/>
		<Year>2008</Year>
	</Position>
	<Position ID="1826">
		<ApplicationNumber>HB-50006-11</ApplicationNumber>
		<Abstract>This position at the Plains Indian Ledger Art website, sponsored by U of Cal-San Diego, allows me to comment upon each image of the posted ledger and also to facilitate discussion. The site also has a virtual "research station" for ongoing research with their 20 posted ledgers., Duties include commenting on the images in the ledgers and facilitating online discussion of them.</Abstract>
		<Name>Online Director for two ledgers ("Hagetta" and "Northern Cheyenne Indian") hosted by the Plains Indian Ledger Art Project (https://plainsledgerart.org/) at the University of California, San Diego. , Directorship of Plains Indian Ledger Art ledgers "Hagetta" and "Northern Cheyenne Indian"</Name>
		<PrimaryURL>https://plainsledgerart.org/ledgers/index/1/0/466  </PrimaryURL>
		<PrimaryURLDescription>PILA website -- sample page of Hagetta ledger with my name as director</PrimaryURLDescription>
		<SecondaryURL/>
		<SecondaryURLDescription/>
		<Year>2011</Year>
	</Position>
	<Position ID="1940">
		<ApplicationNumber>EH-50075-06</ApplicationNumber>
		<Abstract>Carmen Comeaux has taken a job as an instructor at the Univ. of Georgia in Athens.</Abstract>
		<Name>instructor position at the University of Georgia</Name>
		<PrimaryURL/>
		<PrimaryURLDescription/>
		<SecondaryURL/>
		<SecondaryURLDescription/>
		<Year>2011</Year>
	</Position>
	<Position ID="2132">
		<ApplicationNumber>CH-50716-10</ApplicationNumber>
		<Abstract>Eckerd College is pleased to announce that we have hired Dr. Christina Petersen to be the Christian Nielsen Endowed Professor in Film Studies.  Dr. Petersen has a Ph.D. in Cinema and Media Studies from the University of Chicago. Her dissertation was entitled "Paradise for the Young:  Youth Spectatorship in the American Silent Film Era, 1904-1933" and she has taught at both the University of Chicago and at Washington University in St. Louis.</Abstract>
		<Name>Christian Nielsen Endowed Professorship in Film Studies</Name>
		<PrimaryURL>http://www.theonlinecurrent.com/film-program-poised-for-expansion-possible-major-1.2840775#.UBLBzTFku6A</PrimaryURL>
		<PrimaryURLDescription>Announcement in Eckerd College's award-winning newspaper, The Current, of the hire of Christina Petersen and of the imminent expansion of our film studies program. </PrimaryURLDescription>
		<SecondaryURL/>
		<SecondaryURLDescription/>
		<Year>2012</Year>
	</Position>
	<Position ID="2285">
		<ApplicationNumber>FN-50065-10</ApplicationNumber>
		<Abstract>Based primarily on research results and products of my NEH Fellowship FN-50065-10, I was awarded a tenure track position in the Linguistics Department of Georgetown University.  My job talk was "Family Conversation Styles in Zapotec-Spanish Language Shift" presented to the Department of Linguistics, Georgetown University, Washington D.C. March 20.</Abstract>
		<Name>Assistant Professor, Georgetown University Department of Linguistics</Name>
		<PrimaryURL>http://explore.georgetown.edu/people/mas498/?PageTemplateID=129</PrimaryURL>
		<PrimaryURLDescription>Faculty Description Georgetown University Linguistics.</PrimaryURLDescription>
		<SecondaryURL>https://sites.google.com/a/georgetown.edu/mark-a-sicoli/home</SecondaryURL>
		<SecondaryURLDescription>Official web page or Dr. Mark A. Sicoli, Georgetown University Department of Linguistics.</SecondaryURLDescription>
		<Year>2012</Year>
	</Position>
	<Position ID="2700">
		<ApplicationNumber>RA-20240-02</ApplicationNumber>
		<Abstract>Fellow, Woodrow Wilson International Center for Scholars. "Cultural Knowledge and U.S. Military Strategy." Washington, DC. Sept 2011- May 2012.</Abstract>
		<Name>Fellow, Woodrow Wilson International Center for Scholars</Name>
		<PrimaryURL/>
		<PrimaryURLDescription/>
		<SecondaryURL/>
		<SecondaryURLDescription/>
		<Year>2011</Year>
	</Position>
	<Position ID="3016">
		<ApplicationNumber>CH-50904-11</ApplicationNumber>
		<Abstract>Dr. Federica Francesconi, a widely-published scholar of Jewish history, culture and Jewish-Christian relations will be the first to hold The College of Idaho's newly established Howard Berger-Ray Neilsen Chair in Judaic Studies. This Chair, the first of its kind in Idaho and the Intermountain West, promises to have a dramatic positive impact on discussions of tolerance, human rights and interfaith awareness far beyond The College of Idaho campus. &amp;#x0D; &amp;#x0D; Dr. Francesconi, who is currently a faculty member in the University of Oregon's Harold Schnitzer Family Program in Judaic Studies, will guide curricular development and serve as cultural mediator and voice of progressive dialogue. The Judaic Studies curriculum will link courses currently taught by the departments of History and Religion with new courses highlighting areas of expertise of the Chair. Also Dr. Francesconi will coordinate a public lecture series that addresses contemporary issues, promotes openness and tolerance, and fosters greater understanding and appreciation of Jewish traditions, culture, and philosophy.</Abstract>
		<Name>Howard Berger-Ray Neilsen Chair in Judaic Studies</Name>
		<PrimaryURL>http://http://www.collegeofidaho.edu/blog/news/2014/03/19/college-hires-first-scholar-judaic-studies-chair </PrimaryURL>
		<PrimaryURLDescription>Announcement of the first scholar to fill The College of Idaho's newly-established Chair in Judaic Studies.</PrimaryURLDescription>
		<SecondaryURL>http://http://www.collegeofidaho.edu/blog/news/2013/01/03/c-i-judaic-studies-chair-reaches-22-million-goal</SecondaryURL>
		<SecondaryURLDescription>Outline of a successful fundraising campaign to establish a Chair in Judaic Studies at The College of Idaho supported by an NEH Challenge Grant.</SecondaryURLDescription>
		<Year>2014</Year>
	</Position>
	<Position ID="3464">
		<ApplicationNumber>CH-50406-07</ApplicationNumber>
		<Abstract>The Kress Interpretive Fellow will work directly with the curator of education to develop and implement programming, especially gallery teaching, that contributes to the overall interpretation of the European collection and creates connections through shared stylistic, historical, and cultural influences between the museum's collection of European art and the rest of the permanent collection, especially American and decorative art. The Fellow will  develop a new series of art history gallery talks focusing on various periods represented by works in the permanent collection. He or she will also plan programs such as lectures and film series in conjunction with temporary exhibitions organized by GMOA or other museums.</Abstract>
		<Name>Kress Interpretive Fellowship</Name>
		<PrimaryURL>http://www.georgiamuseum.org</PrimaryURL>
		<PrimaryURLDescription>Website of the Georgia Museum of Art</PrimaryURLDescription>
		<SecondaryURL>http://www.georgiamuseum.org</SecondaryURL>
		<SecondaryURLDescription>The Kress Fellow is involved in all aspects of the museum's teaching mission.</SecondaryURLDescription>
		<Year>2014</Year>
	</Position>
	<Position ID="3465">
		<ApplicationNumber>CH-50406-07</ApplicationNumber>
		<Abstract>The Daura Center offers one paid internship to a graduate student each semester.</Abstract>
		<Name>Daura Center Graduate Intern</Name>
		<PrimaryURL>http://www.georgiamuseum.org</PrimaryURL>
		<PrimaryURLDescription>The website of the Georgia Museum of Art</PrimaryURLDescription>
		<SecondaryURL>http://georgiamuseum.org/learn/internships</SecondaryURL>
		<SecondaryURLDescription>Link to information on applying for the Daura Center Internship.</SecondaryURLDescription>
		<Year>2011</Year>
	</Position>
	<Position ID="3787">
		<ApplicationNumber>AC-50002-06</ApplicationNumber>
		<Abstract>A permanent faculty position in Chinese language was created and the instructor has since received a promotion to senior level and has been very active teaching and organizing many different academic, professional training, and cultural activities.</Abstract>
		<Name>The Miami-China Connection</Name>
		<PrimaryURL>http://dll.fiu.edu/languages/chinese/</PrimaryURL>
		<PrimaryURLDescription/>
		<SecondaryURL/>
		<SecondaryURLDescription/>
		<Year>2007</Year>
	</Position>
	<Position ID="4974">
		<ApplicationNumber>PW-51692-14</ApplicationNumber>
		<Abstract>We created and filled the position of Research Associate for this grant.</Abstract>
		<Name>Research Associate</Name>
		<PrimaryURL/>
		<PrimaryURLDescription/>
		<SecondaryURL/>
		<SecondaryURLDescription/>
		<Year>2015</Year>
	</Position>
	<Position ID="9751">
		<ApplicationNumber>CH-50277-06</ApplicationNumber>
		<Abstract>The Gaines Center director and chair is expected to be a distinguished scholar in a humanities discipline or a closely related discipline who is committed to excellence in undergraduate education and has the ability to work both at the university and with the larger public to advance the humanities and humanistic learning. The director and chair will hold a tenured appointment in an academic department and will be expected to contribute to the academic life of the department, which may include teaching. [Endowment agreement, 2005; first hire, 2008]&amp;#x0D; &amp;#x0D; Founded in 1984 by a generous gift from John and Joan Gaines, the Gaines Center for the Humanities functions as a laboratory for imaginative and innovative education on UK's campus. Devoted to cultivating an appreciation of the humanities in its students and faculty, the center embraces varied paths of knowledge, and particularly strives to integrate creative work with traditional academic learning.&amp;#x0D; &amp;#x0D; The center is also designed to provide a link, intellectual as well as geographic, between the campus and town communities. It sponsors an array of public events — seminars, workshops, and culinary events — that bring rich and varied resources of the Lexington community and UK together.&amp;#x0D; &amp;#x0D; As part of its curriculum, the Gaines Center provides an intensive education for approximately 25 third- and fourth-year undergraduate students. The main components of the center's pedagogical program include an annual Gaines seminar taught by multiple faculty and a senior thesis under the direction of a faculty advisor.</Abstract>
		<Name>John R. Gaines Endowed Chair</Name>
		<PrimaryURL>http://www.uky.edu/academy/Gaines staff</PrimaryURL>
		<PrimaryURLDescription>A link to the staff page for the Gaines Center, featuring the current director at the top.</PrimaryURLDescription>
		<SecondaryURL/>
		<SecondaryURLDescription/>
		<Year>2005</Year>
	</Position>
	<Position ID="10066">
		<ApplicationNumber>FT-248139-16</ApplicationNumber>
		<Abstract>NEH funded project on Plato chapter of my book contributed to receipt of the fellowship at IASH</Abstract>
		<Name>Visiting Research Fellowship at the Institute for Advanced Study in the Humanities (IASH), University of Edinburgh</Name>
		<PrimaryURL>http://www.iash.ed.ac.uk/fellowships/fellowships-at-iash/visiting-research-fellowships/</PrimaryURL>
		<PrimaryURLDescription/>
		<SecondaryURL/>
		<SecondaryURLDescription/>
		<Year>2017</Year>
	</Position>
	<Position ID="10891">
		<ApplicationNumber>FT-59937-12</ApplicationNumber>
		<Abstract>The fellowship will be used to study the politics of Shia Moharram rituals in the Iranian settlement of Aliabad from mid 20th century through 2015. This study of revolutionary process in an Iranian village, analyzing how villagers understood and strategized about the 1979 Iranian Revolution, is based on research in Iran 6/1978-12/1979. Aliabad villagers applied Shia Muslim myth, ideology, worldview, and ritual, transformed into revolutionary meaning, to the Iranian Revolution.  Seven research trips to Iran since 2003 allow investigation of  Revolution's aftermath and belief systems, strategies, and practices regarding Shia Islam and Iranian religious authorities' teachings. Most Aliabadis were drawn to political Islam, thinking it would serve their interests and bring about a better society, then, disappointed, found ways to disengage from political Islam. Analysis will continue through to 2015.</Abstract>
		<Name>Residential FEllowship, Academic Year 2016-2017 National Humanities Center</Name>
		<PrimaryURL/>
		<PrimaryURLDescription/>
		<SecondaryURL/>
		<SecondaryURLDescription/>
		<Year>2016</Year>
	</Position>
	<Position ID="10985">
		<ApplicationNumber>EH-50075-06</ApplicationNumber>
		<Abstract>Senior Program Coordinator of the Writing Program, Fall of 2013&amp;#x0D; Senior lecturer and the Director of Writing Across Emory University, Fall of 2015</Abstract>
		<Name>Joona Trapp</Name>
		<PrimaryURL/>
		<PrimaryURLDescription/>
		<SecondaryURL/>
		<SecondaryURLDescription/>
		<Year>2013</Year>
	</Position>
	<Position ID="11022">
		<ApplicationNumber>EH-50075-06</ApplicationNumber>
		<Abstract>Hired as a full-time lecturer of English at the University of Georgia in 2012.</Abstract>
		<Name>Carmen Comeaux</Name>
		<PrimaryURL/>
		<PrimaryURLDescription/>
		<SecondaryURL/>
		<SecondaryURLDescription/>
		<Year>2012</Year>
	</Position>
	<Position ID="11046">
		<ApplicationNumber>EH-50366-13</ApplicationNumber>
		<Abstract>Joined the faculty in the English Department at Howard University as an Assistant Professor of American Literature.</Abstract>
		<Name>Rachel Watson</Name>
		<PrimaryURL/>
		<PrimaryURLDescription/>
		<SecondaryURL/>
		<SecondaryURLDescription/>
		<Year>2015</Year>
	</Position>
	<Position ID="17013">
		<ApplicationNumber>RA-50143-14</ApplicationNumber>
		<Abstract>Caroline Fowler is the Starr Director of the Research and Academic Program at the Clark and teaches in the Graduate Program in Art History at Williams College.</Abstract>
		<Name>Caroline Fowler</Name>
		<PrimaryURL>https://www.clarkart.edu/</PrimaryURL>
		<PrimaryURLDescription/>
		<SecondaryURL>https://www.clarkart.edu/rap/about</SecondaryURL>
		<SecondaryURLDescription/>
		<Year>2019</Year>
	</Position>
	<Position ID="17036">
		<ApplicationNumber>RA-50103-11</ApplicationNumber>
		<Abstract>Associate Professor, Department of Art History, University of Delaware</Abstract>
		<Name>Jessica Horton</Name>
		<PrimaryURL>https://www.arthistory.udel.edu/people/faculty/horton</PrimaryURL>
		<PrimaryURLDescription>This URL provides biographical information on University of Delaware Department of Art History faculty.</PrimaryURLDescription>
		<SecondaryURL/>
		<SecondaryURLDescription/>
		<Year>2019</Year>
	</Position>
	<Position ID="17044">
		<ApplicationNumber>RA-50103-11</ApplicationNumber>
		<Abstract>David W. Mesker Associate Professor of Art History and Archaeology at Washington University in St. Louis.</Abstract>
		<Name>Kristina Kleutghen</Name>
		<PrimaryURL>http://arthistory.artsci.wustl.edu/people/kristina-kleutghen</PrimaryURL>
		<PrimaryURLDescription>This URL is a directory of faculty at Washington University in St. Louis, Department of Art History and Archaeology.</PrimaryURLDescription>
		<SecondaryURL/>
		<SecondaryURLDescription/>
		<Year>2011</Year>
	</Position>
	<Position ID="13273">
		<ApplicationNumber>RA-50078-09</ApplicationNumber>
		<Abstract>Yektan Turkyilmaz, Roots and Routes of a Catastrophe: The Context and Afterlife of the Armenian Genocide (1915-2015).  Türkyilmaz's current project traces the genealogies of historiographical threads on the Armenian Genocide. Such a research involves a critical reassessment of the representations of the Armenian Genocide in multiple languages and formats, namely, in scholarly and popular histories, in memoirs, in visual arts as well as in literature and music. This project is inspired by two major concluding observations in his previous research. The first one is about how the Armenian Genocide as a process, ironically, has served as a ‘creative' and generative reference that helped foster novel ideological formations redefining boundaries of inclusion and exclusion. Particularly crucial in this trajectory is that the Armenian Genocide sets an exemplary case for many other instances of collective violence in the broader region of the Middle East. Further, it marked the emergence of ongoing tensions in the region between authoritarian secularism and Islamist models for modernization, between predatory ethno-nationalist or exclusionary religious movements that advocate social/demographic purity, and advocates pluralist cultural traditions.</Abstract>
		<Name>Research Fellowship, Frei Universität Berlin, Friedrich Schlegel Graduiertenschule für literaturwissenschaftliche Studien 2017-2019</Name>
		<PrimaryURL>http://www.geisteswissenschaften.fu-berlin.de/friedrichschlegel/fsgs/Institute/Kooperationen/Travelling-Traditions/2017-EUME/index.html</PrimaryURL>
		<PrimaryURLDescription>Presentation of current research fellows including Yektan Turkyilmax</PrimaryURLDescription>
		<SecondaryURL/>
		<SecondaryURLDescription/>
		<Year>2017</Year>
	</Position>
	<Position ID="13452">
		<ApplicationNumber>FT-255030-17</ApplicationNumber>
		<Abstract>As a 2018 Fellow of the American Council of Learned Societies, I will work on my book in progress, Ancient Christian Slavery and Twenty-First Century Debates About What Makes Us Human. This project couples analysis of the theme of slavery in selected Christian writings from the first to fourth centuries with assessment of twenty-first century discourses about what it means to be human. From Aristotle's infamous arguments for natural slavery in his "Politics" to Christian theologian Gregory of Nyssa's condemnation of slaveholding as an affront against the God in whose image humans are created, the question of human nature shadows ancient treatments of slavery. By engaging twenty-first century debates about what it means to be human, this project reframes discussion of slavery in the ancient churches. At the same time, a focus on troublesome ways that humanity is called into question in ancient references to slavery exposes limitations in contemporary conceptions of the human.</Abstract>
		<Name>Jennifer A. Glancy</Name>
		<PrimaryURL>https://www.acls.org/research/fellow.aspx?cid=80bc0507-d156-df11-bc5e-000c293a51f7</PrimaryURL>
		<PrimaryURLDescription>Link to 2018 ACLS Fellowship</PrimaryURLDescription>
		<SecondaryURL/>
		<SecondaryURLDescription/>
		<Year>2018</Year>
	</Position>
	<Position ID="13605">
		<ApplicationNumber>FA-57954-14</ApplicationNumber>
		<Abstract>Awarded Fellowship to study repetition and creativity in three sets of documents from Ghent: chant 'borrowed' from the Abbey of Cluny, saints' offices, and aldermen's registers. During the Fellowship time I gave several presentations, one now online and cited here, compared the chant of the St Bavo gradual to those of Cluniac monasteries, produced some 50 music examples for an edition of the chant for the patron saint of Ghent, Livinus, with my research assistant (Univ. Maryland), completed hundreds of entries in my database of fifteenth-century foundations, and prepared a project (for 2019) to evaluate the texts of the aldermen's registers using the DEEDS algoriths with a statistician from the University of Toronto. I also taught a course using my Ghent material, on Music in the Early Modern City, Yale University, MUSI 245 (spring 2018). I plan to submit the articles resulting from this work in fall 2018 and the book in spring 2019.</Abstract>
		<Name>Yale University, Institute of Sacred Music, Fellowship 2017-18</Name>
		<PrimaryURL>https://ism.yale.edu/news/2017-2018-ism-fellows-announced</PrimaryURL>
		<PrimaryURLDescription>Announcement of Yale ISM Fellows, myself included</PrimaryURLDescription>
		<SecondaryURL>https://www.arhu.umd.edu/news/barbara-haggh-huglo-receives-yale-institute-sacred-music-fellowship</SecondaryURL>
		<SecondaryURLDescription>Announcement of Fellowship at the University of Maryland College of Arts and Humanities website</SecondaryURLDescription>
		<Year>2017</Year>
	</Position>
	<Position ID="13606">
		<ApplicationNumber>FA-57954-14</ApplicationNumber>
		<Abstract>Mapping and Placing Music in Europe, 1400-1520: The Evidence of Contracts Registered with City Councils: with this project I test my reading of the Ghent aldermen's registers of the fifteenth century with study in summer 2018 of comparable city council registers of ten European cities: Antwerp, Utrecht, Lyon, Reims, Rouen, Tours, Augsburg, Dresden, Hamburg, and Heidelberg.</Abstract>
		<Name>Claude V. Palisca Summer Fellowship from the Renaissance Society of America for 2018</Name>
		<PrimaryURL>https://www.rsa.org/general/custom.asp?page=grants</PrimaryURL>
		<PrimaryURLDescription>Description of the Fellowship and application requirements - I received notification of the award by email.</PrimaryURLDescription>
		<SecondaryURL/>
		<SecondaryURLDescription/>
		<Year>2018</Year>
	</Position>
	<Position ID="14222">
		<ApplicationNumber>FB-57867-14</ApplicationNumber>
		<Abstract>As described by the Alexander von Humboldt Foundation: "The award is granted in recognition of a researcher's entire achievements to date to academics whose fundamental discoveries, new theories, or insights have had a significant impact on their own discipline and who are expected to continue producing cutting-edge achievements in the future."</Abstract>
		<Name>Humboldt Research Award (Humboldt Prize)</Name>
		<PrimaryURL>https://www.humboldt-foundation.de/web/humboldt-award.html</PrimaryURL>
		<PrimaryURLDescription/>
		<SecondaryURL/>
		<SecondaryURLDescription/>
		<Year>2019</Year>
	</Position>
	<Position ID="14703">
		<ApplicationNumber>PJ-261201-18</ApplicationNumber>
		<Abstract>The Project Manager for the Digitizing Alabama Newspapers Project will be an Assistant Professor in the University of Alabama Libraries.</Abstract>
		<Name>Faculty Position</Name>
		<PrimaryURL/>
		<PrimaryURLDescription/>
		<SecondaryURL/>
		<SecondaryURLDescription/>
		<Year>2019</Year>
	</Position>
	<Position ID="14811">
		<ApplicationNumber>GI-259366-18</ApplicationNumber>
		<Abstract>Mary Mason Williams Foukal has been engaged to work on finalizing the content and design of Monticello and the Legacies of Slavery, the 11-panel pop up exhibition supported by the grant.  She is also working to secure venues.</Abstract>
		<Name>Monticello and the Legacies of Slavery project assistant</Name>
		<PrimaryURL/>
		<PrimaryURLDescription/>
		<SecondaryURL/>
		<SecondaryURLDescription/>
		<Year>2019</Year>
	</Position>
	<Position ID="15099">
		<ApplicationNumber>FA-52353-06</ApplicationNumber>
		<Abstract>This fellowship provides support for a project that examines concepts of character by exploring  relationships between verbal and visual art in the Greek Roman Empire.  Specifically, the book examines speeches on statues and monuments by three Greek orators: Dio Chrysostom (c.40-c.120 CE), Aelius Aristides (117- c.180 CE), and Libanius (314-394 CE). While the book is grounded in close readings of the orators' texts in the original language, I have conducted field research in Eastern Turkey over the last six years. This research supports  the argument that the invocations of art and architecture by these orators actually fulfilled important political, economic, and cultural functions in the Roman Empire.</Abstract>
		<Name>Dumbarton Oaks Summer Fellow in Byzantine Studies: "Rhetoric and the Display of Art: Dio Chrysostom, Aelius Aristides, and Libanius"</Name>
		<PrimaryURL>http://https://www.doaks.org/research/byzantine/byzantine-studies-newsletters/summer-newsletter-2014</PrimaryURL>
		<PrimaryURLDescription/>
		<SecondaryURL/>
		<SecondaryURLDescription/>
		<Year>2014</Year>
	</Position>
	<Position ID="16105">
		<ApplicationNumber>BR-254081-17</ApplicationNumber>
		<Abstract>In June 2019 the Alice Austen House hired its first full time Education Director position to meet the demands of increased education visitor-ship and the expansion of education programs.</Abstract>
		<Name>Full Time Director of Education</Name>
		<PrimaryURL/>
		<PrimaryURLDescription/>
		<SecondaryURL/>
		<SecondaryURLDescription/>
		<Year>2019</Year>
	</Position>
	<Position ID="16148">
		<ApplicationNumber>PW-234727-16</ApplicationNumber>
		<Abstract>9) Project Director Patricia Fumerton was a William S. Vaughan Visiting Scholar at the Robert Penn Warren Center at Vanderbilt University for the year 2018-2019, focusing on broadside ballad printing.</Abstract>
		<Name>William S. Vaughan Visiting Scholar</Name>
		<PrimaryURL/>
		<PrimaryURLDescription/>
		<SecondaryURL/>
		<SecondaryURLDescription/>
		<Year>2018</Year>
	</Position>
	<Position ID="16719">
		<ApplicationNumber>PG-263582-19</ApplicationNumber>
		<Abstract>Name: Emma Guerard Role: Advanced Student (Fellow) Number of Person-Months Devoted to Project: 2 Project Contribution: Assisted in planning preservation workshop, participated in preservation workshop and survey. Activities Funding Supported: None, funding supported payment and travel arrangements for Jennifer McGlinchey Sexton. Residence: Buffalo, New York, Erie County International Collaboration on Project: Not Applicable</Abstract>
		<Name>Fellow</Name>
		<PrimaryURL/>
		<PrimaryURLDescription/>
		<SecondaryURL/>
		<SecondaryURLDescription/>
		<Year>2019</Year>
	</Position>
	<Position ID="17009">
		<ApplicationNumber>RA-50143-14</ApplicationNumber>
		<Abstract>Assistant Professor, 18th and 19th-century European Art, UCLA</Abstract>
		<Name>Zirwat Chowdhury</Name>
		<PrimaryURL>https://arthistory.ucla.edu/faculty-profiles/zirwat-chowdhury/</PrimaryURL>
		<PrimaryURLDescription>UCLA Department of Art History, Core Faculty Profiles</PrimaryURLDescription>
		<SecondaryURL/>
		<SecondaryURLDescription/>
		<Year>2019</Year>
	</Position>
	<Position ID="17264">
		<ApplicationNumber>RA-50142-14</ApplicationNumber>
		<Abstract>What is the essential ideological form of socialism, and can that form be carried, translated, and incorporated into different cultures through the work of intellectuals, individually and collectively? My study considers the intersecting careers of a cohort of socialists—Austrian sociologist Paul Lazarsfeld, Viennese architect Victor Gruen, and Hungarian artist-designer László Moholy-Nagy—who formed their beliefs and practiced their professions in the new republics of post-Habsburg Central Europe, and, as refugees from Nazism in the United States, translated an ethos of socialism within the foreign cultural context of American capitalism. While the critical theorists of Max Horkheimer's Institut für Sozialforschung— associates of Lazarsfeld who were also exiled at Columbia University in the 1930s and 1940s—have become known as the chief intellectual antagonists of twentieth-century consumer capitalism, the émigrés I consider in this project became the unlikely avatars of European social democracy in the "free-enterprise" culture of American business.</Abstract>
		<Name>The Frankfurt School’s Other: Socialist Émigrés Who Made Capitalist Culture in America, 1918–1956</Name>
		<PrimaryURL>https://ias.ceu.edu/people/joseph-malherek</PrimaryURL>
		<PrimaryURLDescription>Botsiber Fellowship page for Joseph Malherek, Institute for Advanced Study, Central European University, Budapest, 2019-20.</PrimaryURLDescription>
		<SecondaryURL/>
		<SecondaryURLDescription/>
		<Year>2019</Year>
	</Position>
	<Position ID="18030">
		<ApplicationNumber>GG-266368-19</ApplicationNumber>
		<Abstract>Dr. Alicestyne Turley is the Director of the International Storytelling Center's Freedom Stories program.  She is responsible for planning events from start to finish, including procedures, milestones and deadlines. Budgeting for event operations and monitoring each event to make sure it stays within budget.</Abstract>
		<Name>Dr. Alicestyne Turley</Name>
		<PrimaryURL>https://www.storytellingcenter.net/about-us/our-team/</PrimaryURL>
		<PrimaryURLDescription/>
		<SecondaryURL/>
		<SecondaryURLDescription/>
		<Year>2020</Year>
	</Position>
	<Position ID="18111">
		<ApplicationNumber>CZ-50049-04</ApplicationNumber>
		<Abstract>The purpose of the grant was to fund a part-time museum education position.</Abstract>
		<Name>Museum Education and Tour Coordinator</Name>
		<PrimaryURL>http://www.oberlinheritagecenter.org/about/staff</PrimaryURL>
		<PrimaryURLDescription>Staff directory listing the current Museum Education and Tour Coordinator</PrimaryURLDescription>
		<SecondaryURL/>
		<SecondaryURLDescription/>
		<Year>2007</Year>
	</Position>
	<Position ID="18510">
		<ApplicationNumber>CHA-261908-19</ApplicationNumber>
		<Abstract>We are delighted to introduce two individuals who are joining the AAI / Open Context team to lead our Data Literacy Program, a new undertaking supported by the Andrew W. Mellon Foundation and the National Endowment for the Humanities. The Data Literacy Program aims to widen and diversify uses of cultural heritage data by crafting open access "data stories" backed by deeper layers of open and reproducible analytic and visualization code, as well as primary research data. The postdoctoral researchers bring their individual expertise and diverse backgrounds to this new, multi-year collaboration building data stories and scaffolding to guide professionals, students, and lifelong learners in thoughtful engagement with research data.</Abstract>
		<Name>Two New Data Literacy Postdoctoral Researcher Positions</Name>
		<PrimaryURL>https://alexandriaarchive.org/2020/10/21/aai-open-context-welcomes-two-new-postdoctoral-researchers/</PrimaryURL>
		<PrimaryURLDescription>AAI news announcement of two new postdoctoral researchers joining the team.</PrimaryURLDescription>
		<SecondaryURL/>
		<SecondaryURLDescription/>
		<Year>2020</Year>
	</Position>
	<Position ID="18514">
		<ApplicationNumber>CHA-261908-19</ApplicationNumber>
		<Abstract>We are very happy to welcome Dr. Leigh Anne Lieberman to the AAI / Open Context team as Director of Strategic Partnerships! This is a new position created with a grant from the Andrew W. Mellon Foundation and matching funds from the AAI's ongoing NEH Challenge Grant. In her role with the AAI / Open Context, Leigh will be building institutional partnerships with libraries, museums, and other cultural heritage organizations in order to develop sustainable initiatives.</Abstract>
		<Name>New Position- Director of Strategic Partnerships</Name>
		<PrimaryURL>https://alexandriaarchive.org/2021/01/05/aai-open-context-welcomes-director-of-strategic-partnerships/</PrimaryURL>
		<PrimaryURLDescription>Announcement of new hire on the AAI news page.</PrimaryURLDescription>
		<SecondaryURL/>
		<SecondaryURLDescription/>
		<Year>2020</Year>
	</Position>
	<Position ID="18737">
		<ApplicationNumber>CH-51278-15</ApplicationNumber>
		<Abstract>The endowment established through this Challenge grant was intended to support the position of Education Director and educational programming.</Abstract>
		<Name>Martha's Vineyard Museum Annual Report 2019</Name>
		<PrimaryURL>https://mvmuseum.org/wp-content/uploads/2020/08/AnnualReport2019LOW.pdf</PrimaryURL>
		<PrimaryURLDescription>This report outlines the financial position of the museum in 2019, including the state of their endowment established as part of this grant. The yield from the endowment supported the Education Director position and education programming. There is also information in the "Year in Review" section on their educational programming and the audiences they were able to reach.</PrimaryURLDescription>
		<SecondaryURL/>
		<SecondaryURLDescription/>
		<Year>2019</Year>
	</Position>
	<Position ID="18738">
		<ApplicationNumber>CH-51278-15</ApplicationNumber>
		<Abstract>The endowment established through this Challenge grant was intended to support the position of Education Director and educational programming.</Abstract>
		<Name>Martha's Vineyard Museum Annual Report 2018</Name>
		<PrimaryURL>https://mvmuseum.org/wp-content/uploads/2019/11/AnnualReport2018.pdf</PrimaryURL>
		<PrimaryURLDescription>This report outlines the financial position of the museum in 2018, including the state of their endowment established as part of this grant. The yield from the endowment supported the Education Director position and education programming. There is also information in the "Year in Review" section on reaching their match for this NEH Challenge grant.</PrimaryURLDescription>
		<SecondaryURL/>
		<SecondaryURLDescription/>
		<Year>2018</Year>
	</Position>
	<Position ID="18739">
		<ApplicationNumber>CH-51278-15</ApplicationNumber>
		<Abstract>The endowment established through this Challenge grant was intended to support the position of Education Director and educational programming.</Abstract>
		<Name>Martha's Vineyard Museum Annual Report 2017</Name>
		<PrimaryURL>https://mvmuseum.org/wp-content/uploads/2019/06/AnnualReport2017.pdf</PrimaryURL>
		<PrimaryURLDescription>This report outlines the financial position of the museum in 2017, including the state of their endowment established as part of this grant. The yield from the endowment supported the Education Director position and education programming. The Treasurer's Report mentions the NEH's support.</PrimaryURLDescription>
		<SecondaryURL/>
		<SecondaryURLDescription/>
		<Year>2017</Year>
	</Position>
	<Position ID="18821">
		<ApplicationNumber>RA-228627-15</ApplicationNumber>
		<Abstract>Declined award.</Abstract>
		<Name>Jessica Lamont, Getty Residential Scholar, Getty Research Institute</Name>
		<PrimaryURL>https://www.getty.edu/foundation/initiatives/residential/getty scholars.html</PrimaryURL>
		<PrimaryURLDescription>Foundation website</PrimaryURLDescription>
		<SecondaryURL/>
		<SecondaryURLDescription/>
		<Year>2021</Year>
	</Position>
	<Position ID="18856">
		<ApplicationNumber>RA-259407-18</ApplicationNumber>
		<Abstract>Erika Weiberg, Duke University, Andrew W. Mellon Assistant Professor</Abstract>
		<Name>Erika Weiberg, Duke University, Andrew W. Mellon Assistant Professor</Name>
		<PrimaryURL>https://scholars.duke.edu/person/erika.weiberg</PrimaryURL>
		<PrimaryURLDescription>department website</PrimaryURLDescription>
		<SecondaryURL/>
		<SecondaryURLDescription/>
		<Year>2021</Year>
	</Position>
	<Position ID="18883">
		<ApplicationNumber>RA-50143-14</ApplicationNumber>
		<Abstract>Sara Ryu, 2017-2018 GRI-NEH Postdoctoral Fellow, was appointed Director of Academic Planning for the College of Arts &amp;amp; Sciences at Washington University in St. Louis in January 2020.</Abstract>
		<Name>Director of Academic Planning, College of Arts &amp;amp; Sciences, Washington University in St. Louis</Name>
		<PrimaryURL>https://artsci.wustl.edu/faculty-staff/sara-ryu</PrimaryURL>
		<PrimaryURLDescription/>
		<SecondaryURL/>
		<SecondaryURLDescription/>
		<Year>2020</Year>
	</Position>
	<Position ID="18885">
		<ApplicationNumber>RA-50143-14</ApplicationNumber>
		<Abstract>Patrick Crowley, 2015-2016 GRI-NEH Postdoctoral Fellow, was appointed Associate Curator of European Art at the Cantor Arts Center of Stanford University in February 2020.</Abstract>
		<Name>Patrick Crowley, Associate Curator of European Art, Cantor Arts Center, Stanford University</Name>
		<PrimaryURL>https://museum.stanford.edu/about/press-releases/dr-patrick-crowley-appointed-associate-curator-european-art</PrimaryURL>
		<PrimaryURLDescription/>
		<SecondaryURL/>
		<SecondaryURLDescription/>
		<Year>2020</Year>
	</Position>
	<Position ID="18887">
		<ApplicationNumber>RA-50103-11</ApplicationNumber>
		<Abstract>Jessica Horton, 2014-2015 GRI-NEH Postdoctoral Fellow, was appointed as a Fellow of the Clark Art Institute in 2019.</Abstract>
		<Name>Clark Art Institute Fellowship</Name>
		<PrimaryURL>https://www.clarkart.edu/fellow/detail/jessica-horton</PrimaryURL>
		<PrimaryURLDescription/>
		<SecondaryURL/>
		<SecondaryURLDescription/>
		<Year>2019</Year>
	</Position>
	<Position ID="18888">
		<ApplicationNumber>RA-50103-11</ApplicationNumber>
		<Abstract>Jessica Horton, 2014-2015 GRI-NEH Postdoctoral Fellow, held a fellowship at the Georgia O'Keeffe Museum Research Center in 2018.</Abstract>
		<Name>Jessica Horton, Georgia O’Keeffe Museum Research Center Fellowship</Name>
		<PrimaryURL>https://www.okeeffemuseum.org/research-center/research-center-programs/past-fellows/</PrimaryURL>
		<PrimaryURLDescription/>
		<SecondaryURL/>
		<SecondaryURLDescription/>
		<Year>2018</Year>
	</Position>
	<Position ID="18893">
		<ApplicationNumber>RA-50103-11</ApplicationNumber>
		<Abstract>Jennifer Stager, 2012-2013 GRI-NEH Postdoctoral Fellow, was appointed as a Fellow at the Center for Hellenic Studies in Washington DC.</Abstract>
		<Name>Jennifer Stager, Fellow at the Center for Hellenic Studies in Washington DC</Name>
		<PrimaryURL>https://chs.harvard.edu/fellowships-news-meet-the-2020-21-fellows-in-hellenic-studies/</PrimaryURL>
		<PrimaryURLDescription/>
		<SecondaryURL/>
		<SecondaryURLDescription/>
		<Year>2020</Year>
	</Position>
	<Position ID="20043">
		<ApplicationNumber>HAA-271717-20</ApplicationNumber>
		<Abstract>New Post-Doctoral Position for Dr. Dan Trepal, 12 Months.</Abstract>
		<Name>Dan Trepal</Name>
		<PrimaryURL/>
		<PrimaryURLDescription/>
		<SecondaryURL/>
		<SecondaryURLDescription/>
		<Year>2020</Year>
	</Position>
	<Position ID="20293">
		<ApplicationNumber>FZ-271344-20</ApplicationNumber>
		<Abstract>I was a Visiting Scholar at Princeton Theological Seminary during the time of this NEH grant, which allowed me to use the library for research and writing. There was no income involved, but I was given an office, library access, and privileges for scanning, printing, and borrowing.</Abstract>
		<Name>Visiting Scholar, Princeton Theological Seminary</Name>
		<PrimaryURL/>
		<PrimaryURLDescription/>
		<SecondaryURL/>
		<SecondaryURLDescription/>
		<Year>2021</Year>
	</Position>
	<Position ID="20294">
		<ApplicationNumber>FZ-271344-20</ApplicationNumber>
		<Abstract>As a result of the NEH grant, I was awarded a Fall 2021 sabbatical from my home institution to write my book.</Abstract>
		<Name>Sabbatical, Kean University</Name>
		<PrimaryURL/>
		<PrimaryURLDescription/>
		<SecondaryURL/>
		<SecondaryURLDescription/>
		<Year>2021</Year>
	</Position>
	<Position ID="20472">
		<ApplicationNumber>FT-62152-14</ApplicationNumber>
		<Abstract>Mellon Schlesinger Fellow</Abstract>
		<Name>Fellow, Harvard Radcliffe Institute</Name>
		<PrimaryURL>https://www.radcliffe.harvard.edu/people/liette-gidlow</PrimaryURL>
		<PrimaryURLDescription>Web page, Liette Gidlow, Harvard Radcliffe Institute</PrimaryURLDescription>
		<SecondaryURL/>
		<SecondaryURLDescription/>
		<Year>2019</Year>
	</Position>
	<Position ID="20959">
		<ApplicationNumber>PF-272017-20</ApplicationNumber>
		<Abstract>An experienced professional to assume the position as the Clerk II with the Owens Valley Paiute and Shoshone Cultural Center and Tribal Historic Preservation Office. This position is a combination of responsibilities that are both in the field of cultural resource and museum services, with a goal of caring for, managing, and preserving the tribe's museum collections, archives, documents and resources. Under the general supervision of the Cultural Center Director, the Clerk II will help prepare documents, reports, and help with the daily operations of museum repository, collections and archival work. The Clerk II will also assist the THPO office in daily programmatic tasks and project. This position is generalized as it is grant-based and maybe adjusted to specifically fit a certain project or goal, depending on funding source.</Abstract>
		<Name>Staff - Cultural Center Clerk II</Name>
		<PrimaryURL/>
		<PrimaryURLDescription/>
		<SecondaryURL/>
		<SecondaryURLDescription/>
		<Year>2021</Year>
	</Position>
</Positions>
